_앰프_,Team,LEROLEROS,,
-라후이-,Team,LEROLEROS,,
소솨소솨,Team,LEROLEROS,,
인생최패망자,Team,LEROLEROS,,
ByeolBam,Team,LEROLEROS,,
encounter v,Team,LEROLEROS,,
HalF_HearteD,Team,LEROLEROS,,
ke ro,Team,LEROLEROS,,
Kr_Luna,Team,LEROLEROS,,
Riyaj,Team,LEROLEROS,,
レビノア,Team,LEROLEROS,,
Chunsik03,Team,BUBBLE STARS,,
_Chun,Team,BUBBLE STARS,,
장덕춘_,Team,BUBBLE STARS,,
coder_,Team,BUBBLE STARS,,
D_arling,Team,BUBBLE STARS,,
DoYaGee,Team,BUBBLE STARS,,
Gonyong,Team,BUBBLE STARS,,
SOM_candy,Team,BUBBLE STARS,,
WhiteMountain,Team,BUBBLE STARS,,
Yaksok~,Team,BUBBLE STARS,,
Sabo_10,Team,MoonShot Spirits,,
-Alta-,Team,MoonShot Spirits,,
눈꽃,Team,MoonShot Spirits,,
즉석카레,Team,MoonShot Spirits,,
편하비_,Team,MoonShot Spirits,,
CVPileMaki,Team,MoonShot Spirits,,
Espressο,Team,MoonShot Spirits,,
HANA_ARASHI,Team,MoonShot Spirits,,
magimari,Team,MoonShot Spirits,,
Pring__,Team,MoonShot Spirits,,
mungjungh,Team,MoonShot Spirits,,
오띵__,Team,FLORIAN T-SHIRTS,,
하루（Haru）,Team,FLORIAN T-SHIRTS,,
Apple_Sherbet,Team,FLORIAN T-SHIRTS,,
Dοpi,Team,FLORIAN T-SHIRTS,,
Floră,Team,FLORIAN T-SHIRTS,,
muyang_,Team,FLORIAN T-SHIRTS,,
Penguin_iDOL,Team,FLORIAN T-SHIRTS,,
Roscosmos,Team,FLORIAN T-SHIRTS,,
Slaris,Team,FLORIAN T-SHIRTS,,
TaeGeuk_,Team,FLORIAN T-SHIRTS,,
mochi_2929,Team,Ishikawa Fighting Folks,,
ゆっち一,Team,Nyanko AVENGERS,,
甲斐野柊太,Team,Ishikawa Fighting Folks,,
あおいぬ,Team,Ishikawa Fighting Folks,,
_강 도_,KR,,,
3Ducks,KR,,,
겆붕이 a049,KR,,,
신과함께1,KR,,,
포 메 라 니 안,KR,,,
ChoiKatz,KR,,,
jdw4469,KR,,,
k@ster,KR,,,
murumuru0219,KR,,,
Pugeuk,KR,,,
wiger-tiger,KR,,,
yun_x,KR,,,
ときめき,KR,,,
--めい--,Team,Nyanko AVENGERS,,
559：広告,Team,Nyanko AVENGERS,,
木賊（とくさ）,Team,Nyanko AVENGERS,,
檸檬の残骸,Team,Nyanko AVENGERS,,
Azuner,Team,Nyanko AVENGERS,,
KFC_IS_MY_LIFE,Team,Nyanko AVENGERS,,
Megu3568,Team,Nyanko AVENGERS,,
なおｐ--,Team,Nyanko AVENGERS,,
にゃんこ3K,Team,Nyanko AVENGERS,,
「yune」,Team,Ishikawa Fighting Folks,,
Fresh825,Team,Ishikawa Fighting Folks,,
P0TA0,Team,Ishikawa Fighting Folks,,
peperon8655,Team,Ishikawa Fighting Folks,,
SFIDA,Team,Ishikawa Fighting Folks,,
shimenawa,Team,Ishikawa Fighting Folks,,
アパム弾薬を持って来い,Team,Ishikawa Fighting Folks,,
わかなで,Team,Ishikawa Fighting Folks,,
_AKASATA_,JP,,SP,우투우타
明智ナオユキ,JP,,,
天夜(AmayaINS),JP,,,
収穫しろ！シャー芯,JP,,,
bdg06213,JP,,,
iRFsA,JP,,,
kamezo-k,JP,,,
keiraiden,JP,,,
mages_1st,JP,,,
tsubasa_jp,JP,,,
あくせる,JP,,,
じゃがー,JP,,,
まりびあ,JP,,,
鬼灯　育,JP,,,
大友雪,JP,,,
卯月,JP,,,
碧端イシュ,JP,,,
akahosi,JP,,,
AKASATA,JP,,,
bdg,JP,,,
ibikikai,JP,,,
ibqrqki,JP,,,
kaferu,JP,,,
megu,JP,,,
sanojpn,JP,,,
shuwa,JP,,,
TIM,JP,,,
yune,JP,,,
うるの。,JP,,,
かぶとむし,JP,,,
ごまごま,JP,,,
ぴとふーい,JP,,,
まーぼーなす,JP,,,
よぉ～ぐると,JP,,,
リョウスケ,JP,,,
IbikiKai_JP,JP,,,
CVpile,JP,,,
Metalu,JP,,,
ふらいんぐじゃむ,JP,,,
雪川かな,JP,,,
スノーグラン,JP,,,
白玉ユタ,JP,,,
alta,JP,,,
